{"content":[{"id":"6281a69e","settings":{"flex_direction":"column","content_width":"full","boxed_width":{"unit":"px","size":1600,"sizes":[]},"background_background":"classic","background_image":{"url":"http:\/\/localhost\/customtheme1\/wp-content\/uploads\/2024\/10\/food.png","id":34,"size":"","alt":"","source":"library"},"background_position":"center center","background_repeat":"no-repeat","background_size":"cover"},"elements":[{"id":"39df1fda","settings":{"space":{"unit":"px","size":192,"sizes":[]}},"elements":[],"isInner":false,"widgetType":"spacer","elType":"widget"},{"id":"66836838","settings":{"title":"Best dishes & ingredients","align":"center","title_color":"#FFFFFF","typography_typography":"custom","typography_font_family":"Roboto","typography_font_size":{"unit":"px","size":36,"sizes":[]},"typography_font_weight":"600"},"elements":[],"isInner":false,"widgetType":"heading","elType":"widget"},{"id":"6f72445b","settings":{"title":"Always Delivering<br>\nAmazing Experience","align":"center","title_color":"#FFFFFF","typography_typography":"custom","typography_font_family":"Roboto","typography_font_size":{"unit":"px","size":80,"sizes":[]},"typography_font_weight":"600"},"elements":[],"isInner":false,"widgetType":"heading","elType":"widget"},{"id":"2446add5","settings":{"text":"Click here","align":"center","typography_typography":"custom","typography_font_family":"Roboto","typography_font_size":{"unit":"px","size":23,"sizes":[]},"typography_font_weight":"500","_margin":{"unit":"px","top":"27","right":"0","bottom":"0","left":"0","isLinked":false}},"elements":[],"isInner":false,"widgetType":"button","elType":"widget"},{"id":"370a6867","settings":{"space":{"unit":"px","size":152,"sizes":[]}},"elements":[],"isInner":false,"widgetType":"spacer","elType":"widget"}],"isInner":false,"elType":"container"}],"page_settings":[],"version":"0.4","title":"Home","type":"page"}