{
    "templates": [
        {
            "name": "Food Template 1",
            "image": "http://localhost/customtheme1/wp-content/uploads/2024/10/food2.png",
            "download": "https://raw.githubusercontent.com/NymptixTechnologies01/theme/main/elementor-95-2024-10-22-2.zip"
        },
        {
            "name": "Food Template 2",
            "image": "http://localhost/customtheme1/wp-content/uploads/2024/10/food-1.png",
            "download": "http://localhost/customtheme1/wp-content/uploads/2024/10/template2.json"
        },
        {
            "name": "Food Template 3",
            "image": "http://localhost/customtheme1/wp-content/uploads/2024/10/food-1.png",
            "download": "http://localhost/customtheme1/wp-content/uploads/2024/10/template3.json"
        },
        {
            "name": " Digital Marketing Template 1",
            "image": "http://localhost/customtheme1/wp-content/uploads/2024/10/food-1.png",
            "download": "http://localhost/customtheme1/wp-content/uploads/2024/10/template4.json"
        },
        {
            "name": "Marketing Template 2",
            "image": "http://localhost/customtheme1/wp-content/uploads/2024/10/food-1.png",
            "download": "http://localhost/customtheme1/wp-content/uploads/2024/10/template5.json"
        }
    ]
}
