{"content":[{"id":"7fde743d","settings":{"flex_direction":"column","boxed_width":{"unit":"px","size":1600,"sizes":[]},"background_background":"classic","background_image":{"url":"http:\/\/localhost\/templates\/wp-content\/uploads\/2024\/10\/Copy-of-Delicious-Smoothies-1.png","id":99,"size":"","alt":"","source":"library"},"background_position":"center center","background_repeat":"no-repeat","background_size":"cover","shape_divider_bottom":"waves","shape_divider_bottom_color":"#7EA1FF","shape_divider_bottom_width":{"unit":"%","size":103,"sizes":[]},"shape_divider_bottom_height":{"unit":"px","size":89,"sizes":[]},"padding":{"unit":"px","top":"0","right":"0","bottom":"76","left":"0","isLinked":false}},"elements":[{"id":"7627ed87","settings":{"content_width":"full","space":{"unit":"px","size":88,"sizes":[]}},"elements":[],"isInner":false,"widgetType":"spacer","elType":"widget"},{"id":"4ffdcd19","settings":{"content_width":"full","title":"Contact Us","align":"left","title_color":"#FFFFFF","typography_typography":"custom","typography_font_family":"Times New Roman","typography_font_size":{"unit":"px","size":91,"sizes":[]},"typography_text_decoration":"underline","_margin":{"unit":"px","top":"0","right":"0","bottom":"0","left":"116","isLinked":false}},"elements":[],"isInner":false,"widgetType":"heading","elType":"widget"},{"id":"4efee95b","settings":{"content_width":"full","space":{"unit":"px","size":107,"sizes":[]}},"elements":[],"isInner":false,"widgetType":"spacer","elType":"widget"}],"isInner":false,"elType":"container"},{"id":"3e3fca75","settings":{"flex_direction":"column","boxed_width":{"unit":"px","size":1600,"sizes":[]},"background_background":"classic","background_color":"#7EA1FF","padding":{"unit":"px","top":"84","right":"0","bottom":"0","left":"0","isLinked":false}},"elements":[{"id":"379e43ee","settings":{"content_width":"full","title":"Our Global Locations","align":"center","title_color":"#FFFFFF","typography_typography":"custom","typography_font_family":"Times New Roman","typography_font_size":{"unit":"px","size":54,"sizes":[]}},"elements":[],"isInner":false,"widgetType":"heading","elType":"widget"}],"isInner":false,"elType":"container"},{"id":"6f1b7c1a","settings":{"flex_direction":"row","flex_gap":{"unit":"px","size":23,"column":"23","row":"0"},"boxed_width":{"unit":"px","size":1400,"sizes":[]},"background_background":"classic","background_color":"#7EA1FF","padding":{"unit":"px","top":"62","right":"0","bottom":"105","left":"0","isLinked":false}},"elements":[{"id":"5eee6394","settings":{"flex_direction":"column","content_width":"full","width":{"unit":"%","size":"50"},"background_background":"classic","background_color":"#EB3678","border_radius":{"unit":"px","top":"15","right":"15","bottom":"15","left":"15","isLinked":true},"padding":{"unit":"px","top":"40","right":"40","bottom":"40","left":"40","isLinked":true}},"elements":[{"id":"1188c6ed","settings":{"content_width":"full","title":"Baltimore","title_color":"#FFFFFF","typography_typography":"custom","typography_font_family":"Times New Roman","typography_font_size":{"unit":"px","size":28,"sizes":[]}},"elements":[],"isInner":false,"widgetType":"heading","elType":"widget"},{"id":"5c0398b","settings":{"content_width":"full","icon_list":[{"text":"No: 58 A, East Madison Street, Baltimore, MD, USA 4508","selected_icon":{"value":"far fa-address-card","library":"fa-regular"},"_id":"c88537a"},{"text":"000000000","selected_icon":{"value":"fas fa-phone-square-alt","library":"fa-solid"},"_id":"a4efcbe"},{"text":"abc@gmail.com","selected_icon":{"value":"far fa-envelope","library":"fa-regular"},"_id":"789e5c2"}],"icon_color":"#FFFFFF","icon_size":{"unit":"px","size":26,"sizes":[]},"icon_self_vertical_align":"flex-start","icon_typography_typography":"custom","icon_typography_font_size":{"unit":"px","size":16,"sizes":[]},"icon_typography_font_weight":"500","text_color":"#FFFFFF"},"elements":[],"isInner":false,"widgetType":"icon-list","elType":"widget"}],"isInner":true,"elType":"container"},{"id":"5cfcc973","settings":{"flex_direction":"column","content_width":"full","width":{"unit":"%","size":"50"},"background_background":"classic","background_color":"#EB3678","border_radius":{"unit":"px","top":"15","right":"15","bottom":"15","left":"15","isLinked":true},"padding":{"unit":"px","top":"40","right":"40","bottom":"40","left":"40","isLinked":true}},"elements":[{"id":"15e7a5eb","settings":{"content_width":"full","title":"Munich","title_color":"#FFFFFF","typography_typography":"custom","typography_font_family":"Times New Roman","typography_font_size":{"unit":"px","size":28,"sizes":[]}},"elements":[],"isInner":false,"widgetType":"heading","elType":"widget"},{"id":"6da2cbb0","settings":{"content_width":"full","icon_list":[{"text":"No: 58 A, East Madison Street, Baltimore, MD, USA 4508","selected_icon":{"value":"far fa-address-card","library":"fa-regular"},"_id":"c88537a"},{"text":"000000000","selected_icon":{"value":"fas fa-phone-square-alt","library":"fa-solid"},"_id":"a4efcbe"},{"text":"abc@gmail.com","selected_icon":{"value":"far fa-envelope","library":"fa-regular"},"_id":"789e5c2"}],"icon_color":"#FFFFFF","icon_size":{"unit":"px","size":26,"sizes":[]},"icon_self_vertical_align":"flex-start","icon_typography_typography":"custom","icon_typography_font_size":{"unit":"px","size":16,"sizes":[]},"icon_typography_font_weight":"500","text_color":"#FFFFFF"},"elements":[],"isInner":false,"widgetType":"icon-list","elType":"widget"}],"isInner":true,"elType":"container"},{"id":"319a1d8b","settings":{"flex_direction":"column","content_width":"full","width":{"unit":"%","size":"50"},"background_background":"classic","background_color":"#EB3678","border_radius":{"unit":"px","top":"15","right":"15","bottom":"15","left":"15","isLinked":true},"padding":{"unit":"px","top":"40","right":"40","bottom":"40","left":"40","isLinked":true}},"elements":[{"id":"e0e52ff","settings":{"content_width":"full","title":"Brimingham","title_color":"#FFFFFF","typography_typography":"custom","typography_font_family":"Times New Roman","typography_font_size":{"unit":"px","size":28,"sizes":[]}},"elements":[],"isInner":false,"widgetType":"heading","elType":"widget"},{"id":"65ca58f9","settings":{"content_width":"full","icon_list":[{"text":"No: 58 A, East Madison Street, Baltimore, MD, USA 4508","selected_icon":{"value":"far fa-address-card","library":"fa-regular"},"_id":"c88537a"},{"text":"000000000","selected_icon":{"value":"fas fa-phone-square-alt","library":"fa-solid"},"_id":"a4efcbe"},{"text":"abc@gmail.com","selected_icon":{"value":"far fa-envelope","library":"fa-regular"},"_id":"789e5c2"}],"icon_color":"#FFFFFF","icon_size":{"unit":"px","size":26,"sizes":[]},"icon_self_vertical_align":"flex-start","icon_typography_typography":"custom","icon_typography_font_size":{"unit":"px","size":16,"sizes":[]},"icon_typography_font_weight":"500","text_color":"#FFFFFF"},"elements":[],"isInner":false,"widgetType":"icon-list","elType":"widget"}],"isInner":true,"elType":"container"}],"isInner":false,"elType":"container"},{"id":"e9529b6","settings":{"flex_direction":"column","boxed_width":{"unit":"px","size":1240,"sizes":[]},"background_background":"classic","background_color":"#EB3678","shape_divider_top":"waves","shape_divider_top_color":"#7EA1FF","padding":{"unit":"px","top":"250","right":"0","bottom":"56","left":"0","isLinked":false}},"elements":[{"id":"523e0e2b","settings":{"content_width":"full","address":"The Capital,Science city road, Sola \u2013 380060. Ahmedabad, Gujarat, India.","height":{"unit":"px","size":472,"sizes":[]}},"elements":[],"isInner":false,"widgetType":"google_maps","elType":"widget"}],"isInner":false,"elType":"container"},{"id":"2df82313","settings":{"flex_direction":"column","background_background":"classic","background_color":"#7EA1FF","padding":{"unit":"px","top":"20","right":"0","bottom":"20","left":"0","isLinked":false}},"elements":[{"id":"1c888479","settings":{"content_width":"full","title":"\u00a9 2024, Nymptix Technologies. All Rights Reserved. | Designed & Developed By : Nymptix Technologies","align":"center","title_color":"#FFFFFF","typography_typography":"custom","typography_font_size":{"unit":"px","size":15,"sizes":[]}},"elements":[],"isInner":false,"widgetType":"heading","elType":"widget"}],"isInner":false,"elType":"container"}],"page_settings":[],"version":"0.4","title":"Contact - Smoothies","type":"page"}