{"content":[{"id":"2c602726","settings":{"flex_direction":"column","boxed_width":{"unit":"px","size":1600,"sizes":[]},"background_background":"video","background_image":{"url":"http:\/\/localhost\/templates\/wp-content\/uploads\/2024\/10\/Delicious-Smoothies.mp4","id":41,"size":"","alt":"","source":"library"},"background_position":"center center","background_repeat":"no-repeat","background_size":"cover","flex_justify_content":"center","flex_align_items":"flex-start","background_video_link":"http:\/\/localhost\/templates\/wp-content\/uploads\/2024\/10\/Delicious-Smoothies.mp4"},"elements":[{"id":"34f342d3","settings":{"content_width":"full","space":{"unit":"px","size":239,"sizes":[]}},"elements":[],"isInner":false,"widgetType":"spacer","elType":"widget"},{"id":"47adcce3","settings":{"content_width":"full","title":"Delicious<br>\nSmoothies","title_color":"#FFFFFF","typography_typography":"custom","typography_font_family":"Times New Roman","typography_font_size":{"unit":"px","size":116,"sizes":[]},"_margin":{"unit":"px","top":"0","right":"0","bottom":"0","left":"30","isLinked":false},"_padding":{"unit":"px","top":"0","right":"0","bottom":"0","left":"0","isLinked":false},"_animation":"slideInLeft","animation_duration":"slow"},"elements":[],"isInner":false,"widgetType":"heading","elType":"widget"},{"id":"661df2bc","settings":{"content_width":"full","editor":"<p>Aenean et turpis ipsum. Quisque consequat orci augue, at aliquam urna tempus a. Nulla luctus consequat odio, eget pulvinar libero.<\/p>","text_color":"#FFFFFF","typography_typography":"custom","typography_font_size":{"unit":"px","size":17,"sizes":[]},"_margin":{"unit":"px","top":"0","right":"0","bottom":"0","left":"38","isLinked":false},"_padding":{"unit":"px","top":"0","right":"0","bottom":"0","left":"0","isLinked":false},"_element_width":"initial","_element_custom_width":{"unit":"%","size":37,"sizes":[]},"_animation":"slideInLeft","animation_duration":"slow"},"elements":[],"isInner":false,"widgetType":"text-editor","elType":"widget"},{"id":"678218d8","settings":{"content_width":"full","text":"Shop Juices","typography_typography":"custom","typography_font_size":{"unit":"px","size":22,"sizes":[]},"typography_font_weight":"500","background_color":"#C21B5996","hover_color":"#eb3478","button_background_hover_color":"#FFFFFF","text_padding":{"unit":"px","top":"17","right":"35","bottom":"17","left":"35","isLinked":false},"_margin":{"unit":"px","top":"11","right":"0","bottom":"0","left":"37","isLinked":false},"_padding":{"unit":"px","top":"0","right":"0","bottom":"0","left":"0","isLinked":false},"_animation":"slideInLeft","animation_duration":"slow"},"elements":[],"isInner":false,"widgetType":"button","elType":"widget"},{"id":"3a2c00e8","settings":{"content_width":"full","space":{"unit":"px","size":242,"sizes":[]}},"elements":[],"isInner":false,"widgetType":"spacer","elType":"widget"}],"isInner":false,"elType":"container"},{"id":"1f64ea91","settings":{"flex_direction":"column","boxed_width":{"unit":"px","size":1600,"sizes":[]},"background_background":"classic","background_color":"#7EA1FF","background_image":{"url":"","id":"","size":"","alt":"","source":"library"},"background_position":"initial","background_ypos":{"unit":"px","size":-305,"sizes":[]},"background_repeat":"no-repeat","background_size":"cover","background_overlay_background":"classic","background_overlay_opacity":{"unit":"px","size":0.75,"sizes":[]},"shape_divider_top":"waves","shape_divider_top_color":"#EB3478","shape_divider_top_width":{"unit":"%","size":100,"sizes":[]},"shape_divider_top_height":{"unit":"px","size":88,"sizes":[]},"shape_divider_top_negative":"yes","padding":{"unit":"px","top":"0","right":"0","bottom":"106","left":"0","isLinked":false}},"elements":[{"id":"7d343b57","settings":{"content_width":"full","title":"Favorite Flavors","align":"center","title_color":"#FFFFFF","typography_typography":"custom","typography_font_family":"Times New Roman","typography_font_size":{"unit":"px","size":56,"sizes":[]},"_margin":{"unit":"px","top":"166","right":"0","bottom":"0","left":"0","isLinked":false}},"elements":[],"isInner":false,"widgetType":"heading","elType":"widget"},{"id":"321d1757","settings":{"content_width":"full","carousel":[{"id":56,"url":"http:\/\/localhost\/templates\/wp-content\/uploads\/2024\/10\/7.png"},{"id":50,"url":"http:\/\/localhost\/templates\/wp-content\/uploads\/2024\/10\/1.png"},{"id":51,"url":"http:\/\/localhost\/templates\/wp-content\/uploads\/2024\/10\/2.png"},{"id":55,"url":"http:\/\/localhost\/templates\/wp-content\/uploads\/2024\/10\/6.png"},{"id":52,"url":"http:\/\/localhost\/templates\/wp-content\/uploads\/2024\/10\/3.png"},{"id":54,"url":"http:\/\/localhost\/templates\/wp-content\/uploads\/2024\/10\/5.png"},{"id":53,"url":"http:\/\/localhost\/templates\/wp-content\/uploads\/2024\/10\/4.png"}],"slides_to_show":"4","slides_to_scroll":"1","navigation":"none","caption_type":"caption","lazyload":"yes","pause_on_hover":"","autoplay_speed":2000,"caption_text_color":"#FFFFFF","caption_typography_typography":"custom","caption_typography_font_size":{"unit":"px","size":30,"sizes":[]},"caption_typography_font_weight":"500"},"elements":[],"isInner":false,"widgetType":"image-carousel","elType":"widget"}],"isInner":false,"elType":"container"},{"id":"3992b8c6","settings":{"flex_direction":"column","boxed_width":{"unit":"px","size":1600,"sizes":[]},"background_background":"classic","background_color":"#EB3678","shape_divider_top":"waves","shape_divider_top_color":"#7EA1FF","shape_divider_top_height":{"unit":"px","size":90,"sizes":[]},"shape_divider_top_negative":"yes","margin":{"unit":"px","top":"0","right":"0","bottom":"0","left":"0","isLinked":false},"padding":{"unit":"px","top":"200","right":"0","bottom":"50","left":"0","isLinked":false}},"elements":[{"id":"2e1256a5","settings":{"content_width":"full","title":"Fruit & Yogurt Smoothies","align":"center","title_color":"#FFFFFF","typography_typography":"custom","typography_font_family":"Times New Roman","typography_font_size":{"unit":"px","size":42,"sizes":[]}},"elements":[],"isInner":false,"widgetType":"heading","elType":"widget"},{"id":"a000682","settings":{"content_width":"full","tabs":[{"tab_title":"Fruit Juice","_id":"dd37e2a"},{"tab_title":"Smoothies","_id":"6329d84"},{"tab_title":"Healthy Drink","_id":"72dc6d9"},{"tab_title":"Ice Creams Shakes","_id":"3518421"},{"tab_title":"Mocktails","_id":"8b0b403"}],"tabs_title_background_color_background":"classic","tabs_title_background_color_color":"#EB3678","tabs_title_border_border":"solid","tabs_title_border_width":{"unit":"px","top":"3","right":"3","bottom":"3","left":"3","isLinked":true},"tabs_title_background_color_hover_color":"#7EA1FF","tabs_title_background_color_active_color":"#7EA1FF","tabs_title_border_radius":{"unit":"px","top":"27","right":"27","bottom":"27","left":"27","isLinked":true},"title_text_color":"#FFFFFF","_margin":{"unit":"px","top":"60","right":"0","bottom":"0","left":"0","isLinked":false},"_padding":{"unit":"px","top":"0","right":"0","bottom":"0","left":"0","isLinked":false}},"elements":[{"id":"5ed41b26","settings":{"_title":"Tab #1","content_width":"full","flex_direction":"row","flex_gap":{"unit":"px","size":0,"column":"0","row":"0"},"margin":{"unit":"px","top":"35","right":"0","bottom":"0","left":"0","isLinked":false},"padding":{"unit":"px","top":"0","right":"0","bottom":"0","left":"0","isLinked":false}},"elements":[{"id":"df13e84","settings":{"flex_direction":"column","content_width":"full","width":{"unit":"%","size":"50"},"background_background":"classic","background_image":{"url":"","id":"","size":"","alt":"","source":"library"}},"elements":[{"id":"d121349","settings":{"content_width":"full","graphic_element":"image","image":{"url":"","id":"","size":"","alt":"","source":"library"},"selected_icon":{"value":"","library":""},"title_text_a":"","description_text_a":"","background_a_background":"classic","background_a_image":{"url":"http:\/\/localhost\/templates\/wp-content\/uploads\/2024\/10\/8.jpg","id":65,"size":"","alt":"","source":"library"},"background_a_position":"center center","background_a_repeat":"no-repeat","background_a_size":"cover","title_text_b":"","description_text_b":"Banana Juice\n<br>\n$12.65","button_text":"","background_b_background":"classic","background_b_image":{"url":"http:\/\/localhost\/templates\/wp-content\/uploads\/2024\/10\/17.jpg","id":74,"size":"","alt":"","source":"library"},"background_b_position":"center center","background_b_repeat":"no-repeat","background_b_size":"cover","border_radius":{"unit":"px","size":15,"sizes":[]},"flip_effect":"fade","image_width":{"unit":"%","size":5,"sizes":[]},"image_border_radius":{"unit":"px","size":0,"sizes":[]},"vertical_position_b":"bottom","description_typography_b_typography":"custom","description_typography_b_font_size":{"unit":"px","size":21,"sizes":[]},"description_typography_b_font_weight":"500"},"elements":[],"isInner":false,"widgetType":"flip-box","elType":"widget"}],"isInner":true,"elType":"container"},{"id":"795e3668","settings":{"flex_direction":"column","content_width":"full","width":{"unit":"%","size":"50"}},"elements":[{"id":"653eb27d","settings":{"content_width":"full","graphic_element":"image","image":{"url":"","id":"","size":"","alt":"","source":"library"},"selected_icon":{"value":"","library":""},"title_text_a":"","description_text_a":"","background_a_background":"classic","background_a_image":{"url":"http:\/\/localhost\/templates\/wp-content\/uploads\/2024\/10\/19.jpg","id":76,"size":"","alt":"","source":"library"},"background_a_position":"center center","background_a_repeat":"no-repeat","background_a_size":"cover","title_text_b":"","description_text_b":"Fresh Green Juice<br>\n$14.90","button_text":"","background_b_background":"classic","background_b_image":{"url":"http:\/\/localhost\/templates\/wp-content\/uploads\/2024\/10\/22.jpg","id":79,"size":"","alt":"","source":"library"},"background_b_position":"center center","background_b_repeat":"no-repeat","background_b_size":"cover","border_radius":{"unit":"px","size":15,"sizes":[]},"flip_effect":"fade","image_width":{"unit":"%","size":5,"sizes":[]},"image_border_radius":{"unit":"px","size":0,"sizes":[]},"vertical_position_b":"bottom","description_typography_b_typography":"custom","description_typography_b_font_size":{"unit":"px","size":21,"sizes":[]},"description_typography_b_font_weight":"500"},"elements":[],"isInner":false,"widgetType":"flip-box","elType":"widget"}],"isInner":true,"elType":"container"},{"id":"3667200e","settings":{"flex_direction":"column","content_width":"full","width":{"unit":"%","size":"50"}},"elements":[{"id":"2e6b10c9","settings":{"content_width":"full","graphic_element":"image","image":{"url":"","id":"","size":"","alt":"","source":"library"},"selected_icon":{"value":"","library":""},"title_text_a":"","description_text_a":"","background_a_background":"classic","background_a_image":{"url":"http:\/\/localhost\/templates\/wp-content\/uploads\/2024\/10\/10.jpg","id":67,"size":"","alt":"","source":"library"},"background_a_position":"center center","background_a_repeat":"no-repeat","background_a_size":"cover","title_text_b":"","description_text_b":"Milk And Cream Fruit Boba\n<br>\n$12.00","button_text":"","background_b_background":"classic","background_b_image":{"url":"http:\/\/localhost\/templates\/wp-content\/uploads\/2024\/10\/23.jpg","id":80,"size":"","alt":"","source":"library"},"background_b_position":"center center","background_b_repeat":"no-repeat","background_b_size":"cover","border_radius":{"unit":"px","size":15,"sizes":[]},"flip_effect":"fade","image_width":{"unit":"%","size":5,"sizes":[]},"image_border_radius":{"unit":"px","size":0,"sizes":[]},"vertical_position_b":"bottom","description_typography_b_typography":"custom","description_typography_b_font_size":{"unit":"px","size":21,"sizes":[]},"description_typography_b_font_weight":"500"},"elements":[],"isInner":false,"widgetType":"flip-box","elType":"widget"}],"isInner":true,"elType":"container"}],"isInner":true,"elType":"container","isLocked":true},{"id":"4cfa9c7d","settings":{"_title":"Tab #2","content_width":"full","flex_direction":"row","flex_gap":{"unit":"px","size":0,"column":"0","row":"0"},"margin":{"unit":"px","top":"35","right":"0","bottom":"0","left":"0","isLinked":false},"padding":{"unit":"px","top":"0","right":"0","bottom":"0","left":"0","isLinked":false}},"elements":[{"id":"751133df","settings":{"flex_direction":"column","content_width":"full","width":{"unit":"%","size":"50"},"margin":{"unit":"px","top":"0","right":"0","bottom":"0","left":"0","isLinked":false}},"elements":[{"id":"240a333c","settings":{"content_width":"full","graphic_element":"image","image":{"url":"","id":"","size":"","alt":"","source":"library"},"selected_icon":{"value":"","library":""},"title_text_a":"","description_text_a":"","background_a_background":"classic","background_a_image":{"url":"http:\/\/localhost\/templates\/wp-content\/uploads\/2024\/10\/24.jpg","id":81,"size":"","alt":"","source":"library"},"background_a_position":"center center","background_a_repeat":"no-repeat","background_a_size":"cover","title_text_b":"","description_text_b":"Grape Juice\n<br>\n$12.65","button_text":"","background_b_background":"classic","background_b_image":{"url":"http:\/\/localhost\/templates\/wp-content\/uploads\/2024\/10\/11.jpg","id":68,"size":"","alt":"","source":"library"},"background_b_position":"center center","background_b_repeat":"no-repeat","background_b_size":"cover","border_radius":{"unit":"px","size":15,"sizes":[]},"flip_effect":"fade","image_width":{"unit":"%","size":5,"sizes":[]},"image_border_radius":{"unit":"px","size":0,"sizes":[]},"vertical_position_b":"bottom","description_typography_b_typography":"custom","description_typography_b_font_size":{"unit":"px","size":21,"sizes":[]},"description_typography_b_font_weight":"500"},"elements":[],"isInner":false,"widgetType":"flip-box","elType":"widget"}],"isInner":true,"elType":"container"},{"id":"4805684e","settings":{"flex_direction":"column","content_width":"full","width":{"unit":"%","size":"50"}},"elements":[{"id":"603c5081","settings":{"content_width":"full","graphic_element":"image","image":{"url":"","id":"","size":"","alt":"","source":"library"},"selected_icon":{"value":"","library":""},"title_text_a":"","description_text_a":"","background_a_background":"classic","background_a_image":{"url":"http:\/\/localhost\/templates\/wp-content\/uploads\/2024\/10\/13.jpg","id":70,"size":"","alt":"","source":"library"},"background_a_position":"center center","background_a_repeat":"no-repeat","background_a_size":"cover","title_text_b":"","description_text_b":"Pink Grapefruit Lemonade\n<br>\n$12.65","button_text":"","background_b_background":"classic","background_b_image":{"url":"http:\/\/localhost\/templates\/wp-content\/uploads\/2024\/10\/25.jpg","id":82,"size":"","alt":"","source":"library"},"background_b_position":"center center","background_b_repeat":"no-repeat","background_b_size":"cover","border_radius":{"unit":"px","size":15,"sizes":[]},"flip_effect":"fade","image_width":{"unit":"%","size":5,"sizes":[]},"image_border_radius":{"unit":"px","size":0,"sizes":[]},"vertical_position_b":"bottom","description_typography_b_typography":"custom","description_typography_b_font_size":{"unit":"px","size":21,"sizes":[]},"description_typography_b_font_weight":"500"},"elements":[],"isInner":false,"widgetType":"flip-box","elType":"widget"}],"isInner":true,"elType":"container"},{"id":"2a603e63","settings":{"flex_direction":"column","content_width":"full","width":{"unit":"%","size":"50"}},"elements":[{"id":"3966d5","settings":{"content_width":"full","graphic_element":"image","image":{"url":"","id":"","size":"","alt":"","source":"library"},"selected_icon":{"value":"","library":""},"title_text_a":"","description_text_a":"","background_a_background":"classic","background_a_image":{"url":"http:\/\/localhost\/templates\/wp-content\/uploads\/2024\/10\/12.jpg","id":69,"size":"","alt":"","source":"library"},"background_a_position":"center center","background_a_repeat":"no-repeat","background_a_size":"cover","title_text_b":"","description_text_b":"Pistachio Ice Cream\n<br>\n$12.65","button_text":"","background_b_background":"classic","background_b_image":{"url":"http:\/\/localhost\/templates\/wp-content\/uploads\/2024\/10\/26.jpg","id":83,"size":"","alt":"","source":"library"},"background_b_position":"center center","background_b_repeat":"no-repeat","background_b_size":"cover","border_radius":{"unit":"px","size":15,"sizes":[]},"flip_effect":"fade","image_width":{"unit":"%","size":5,"sizes":[]},"image_border_radius":{"unit":"px","size":0,"sizes":[]},"vertical_position_b":"bottom","description_typography_b_typography":"custom","description_typography_b_font_size":{"unit":"px","size":21,"sizes":[]},"description_typography_b_font_weight":"500"},"elements":[],"isInner":false,"widgetType":"flip-box","elType":"widget"}],"isInner":true,"elType":"container"}],"isInner":true,"elType":"container","isLocked":true},{"id":"3689b466","settings":{"_title":"Tab #3","content_width":"full","flex_direction":"row","flex_gap":{"unit":"px","size":0,"column":"0","row":"0"},"margin":{"unit":"px","top":"35","right":"0","bottom":"0","left":"0","isLinked":false},"padding":{"unit":"px","top":"0","right":"0","bottom":"0","left":"0","isLinked":false}},"elements":[{"id":"71014f82","settings":{"flex_direction":"column","content_width":"full","width":{"unit":"%","size":"50"}},"elements":[{"id":"63484a33","settings":{"content_width":"full","graphic_element":"image","image":{"url":"","id":"","size":"","alt":"","source":"library"},"selected_icon":{"value":"","library":""},"title_text_a":"","description_text_a":"","background_a_background":"classic","background_a_image":{"url":"http:\/\/localhost\/templates\/wp-content\/uploads\/2024\/10\/8.jpg","id":65,"size":"","alt":"","source":"library"},"background_a_position":"center center","background_a_repeat":"no-repeat","background_a_size":"cover","title_text_b":"","description_text_b":"Banana Juice\n<br>\n$12.65","button_text":"","background_b_background":"classic","background_b_image":{"url":"http:\/\/localhost\/templates\/wp-content\/uploads\/2024\/10\/17.jpg","id":74,"size":"","alt":"","source":"library"},"background_b_position":"center center","background_b_repeat":"no-repeat","background_b_size":"cover","border_radius":{"unit":"px","size":15,"sizes":[]},"flip_effect":"fade","image_width":{"unit":"%","size":5,"sizes":[]},"image_border_radius":{"unit":"px","size":0,"sizes":[]},"vertical_position_b":"bottom","description_typography_b_typography":"custom","description_typography_b_font_size":{"unit":"px","size":21,"sizes":[]},"description_typography_b_font_weight":"500"},"elements":[],"isInner":false,"widgetType":"flip-box","elType":"widget"}],"isInner":true,"elType":"container"},{"id":"5042ceb1","settings":{"flex_direction":"column","content_width":"full","width":{"unit":"%","size":"50"}},"elements":[{"id":"2dc29afc","settings":{"content_width":"full","graphic_element":"image","image":{"url":"","id":"","size":"","alt":"","source":"library"},"selected_icon":{"value":"","library":""},"title_text_a":"","description_text_a":"","background_a_background":"classic","background_a_image":{"url":"http:\/\/localhost\/templates\/wp-content\/uploads\/2024\/10\/19.jpg","id":76,"size":"","alt":"","source":"library"},"background_a_position":"center center","background_a_repeat":"no-repeat","background_a_size":"cover","title_text_b":"","description_text_b":"Fresh Green Juice<br>\n$14.90","button_text":"","background_b_background":"classic","background_b_image":{"url":"http:\/\/localhost\/templates\/wp-content\/uploads\/2024\/10\/22.jpg","id":79,"size":"","alt":"","source":"library"},"background_b_position":"center center","background_b_repeat":"no-repeat","background_b_size":"cover","border_radius":{"unit":"px","size":15,"sizes":[]},"flip_effect":"fade","image_width":{"unit":"%","size":5,"sizes":[]},"image_border_radius":{"unit":"px","size":0,"sizes":[]},"vertical_position_b":"bottom","description_typography_b_typography":"custom","description_typography_b_font_size":{"unit":"px","size":21,"sizes":[]},"description_typography_b_font_weight":"500"},"elements":[],"isInner":false,"widgetType":"flip-box","elType":"widget"}],"isInner":true,"elType":"container"},{"id":"8a59712","settings":{"flex_direction":"column","content_width":"full","width":{"unit":"%","size":"50"}},"elements":[{"id":"420dddc","settings":{"content_width":"full","graphic_element":"image","image":{"url":"","id":"","size":"","alt":"","source":"library"},"selected_icon":{"value":"","library":""},"title_text_a":"","description_text_a":"","background_a_background":"classic","background_a_image":{"url":"http:\/\/localhost\/templates\/wp-content\/uploads\/2024\/10\/10.jpg","id":67,"size":"","alt":"","source":"library"},"background_a_position":"center center","background_a_repeat":"no-repeat","background_a_size":"cover","title_text_b":"","description_text_b":"Milk And Cream Fruit Boba\n<br>\n$12.00","button_text":"","background_b_background":"classic","background_b_image":{"url":"http:\/\/localhost\/templates\/wp-content\/uploads\/2024\/10\/23.jpg","id":80,"size":"","alt":"","source":"library"},"background_b_position":"center center","background_b_repeat":"no-repeat","background_b_size":"cover","border_radius":{"unit":"px","size":15,"sizes":[]},"flip_effect":"fade","image_width":{"unit":"%","size":5,"sizes":[]},"image_border_radius":{"unit":"px","size":0,"sizes":[]},"vertical_position_b":"bottom","description_typography_b_typography":"custom","description_typography_b_font_size":{"unit":"px","size":21,"sizes":[]},"description_typography_b_font_weight":"500"},"elements":[],"isInner":false,"widgetType":"flip-box","elType":"widget"}],"isInner":true,"elType":"container"}],"isInner":true,"elType":"container","isLocked":true},{"id":"130e5252","settings":{"_title":"Tab #2","content_width":"full","flex_direction":"row","flex_gap":{"unit":"px","size":0,"column":"0","row":"0"},"margin":{"unit":"px","top":"35","right":"0","bottom":"0","left":"0","isLinked":false},"padding":{"unit":"px","top":"0","right":"0","bottom":"0","left":"0","isLinked":false}},"elements":[{"id":"5512095f","settings":{"flex_direction":"column","content_width":"full","width":{"unit":"%","size":"50"},"margin":{"unit":"px","top":"0","right":"0","bottom":"0","left":"0","isLinked":false}},"elements":[{"id":"659fff25","settings":{"content_width":"full","graphic_element":"image","image":{"url":"","id":"","size":"","alt":"","source":"library"},"selected_icon":{"value":"","library":""},"title_text_a":"","description_text_a":"","background_a_background":"classic","background_a_image":{"url":"http:\/\/localhost\/templates\/wp-content\/uploads\/2024\/10\/24.jpg","id":81,"size":"","alt":"","source":"library"},"background_a_position":"center center","background_a_repeat":"no-repeat","background_a_size":"cover","title_text_b":"","description_text_b":"Grape Juice\n<br>\n$12.65","button_text":"","background_b_background":"classic","background_b_image":{"url":"http:\/\/localhost\/templates\/wp-content\/uploads\/2024\/10\/11.jpg","id":68,"size":"","alt":"","source":"library"},"background_b_position":"center center","background_b_repeat":"no-repeat","background_b_size":"cover","border_radius":{"unit":"px","size":15,"sizes":[]},"flip_effect":"fade","image_width":{"unit":"%","size":5,"sizes":[]},"image_border_radius":{"unit":"px","size":0,"sizes":[]},"vertical_position_b":"bottom","description_typography_b_typography":"custom","description_typography_b_font_size":{"unit":"px","size":21,"sizes":[]},"description_typography_b_font_weight":"500"},"elements":[],"isInner":false,"widgetType":"flip-box","elType":"widget"}],"isInner":true,"elType":"container"},{"id":"30120cbc","settings":{"flex_direction":"column","content_width":"full","width":{"unit":"%","size":"50"}},"elements":[{"id":"4af33666","settings":{"content_width":"full","graphic_element":"image","image":{"url":"","id":"","size":"","alt":"","source":"library"},"selected_icon":{"value":"","library":""},"title_text_a":"","description_text_a":"","background_a_background":"classic","background_a_image":{"url":"http:\/\/localhost\/templates\/wp-content\/uploads\/2024\/10\/13.jpg","id":70,"size":"","alt":"","source":"library"},"background_a_position":"center center","background_a_repeat":"no-repeat","background_a_size":"cover","title_text_b":"","description_text_b":"Pink Grapefruit Lemonade\n<br>\n$12.65","button_text":"","background_b_background":"classic","background_b_image":{"url":"http:\/\/localhost\/templates\/wp-content\/uploads\/2024\/10\/25.jpg","id":82,"size":"","alt":"","source":"library"},"background_b_position":"center center","background_b_repeat":"no-repeat","background_b_size":"cover","border_radius":{"unit":"px","size":15,"sizes":[]},"flip_effect":"fade","image_width":{"unit":"%","size":5,"sizes":[]},"image_border_radius":{"unit":"px","size":0,"sizes":[]},"vertical_position_b":"bottom","description_typography_b_typography":"custom","description_typography_b_font_size":{"unit":"px","size":21,"sizes":[]},"description_typography_b_font_weight":"500"},"elements":[],"isInner":false,"widgetType":"flip-box","elType":"widget"}],"isInner":true,"elType":"container"},{"id":"75752255","settings":{"flex_direction":"column","content_width":"full","width":{"unit":"%","size":"50"}},"elements":[{"id":"931affc","settings":{"content_width":"full","graphic_element":"image","image":{"url":"","id":"","size":"","alt":"","source":"library"},"selected_icon":{"value":"","library":""},"title_text_a":"","description_text_a":"","background_a_background":"classic","background_a_image":{"url":"http:\/\/localhost\/templates\/wp-content\/uploads\/2024\/10\/12.jpg","id":69,"size":"","alt":"","source":"library"},"background_a_position":"center center","background_a_repeat":"no-repeat","background_a_size":"cover","title_text_b":"","description_text_b":"Pistachio Ice Cream\n<br>\n$12.65","button_text":"","background_b_background":"classic","background_b_image":{"url":"http:\/\/localhost\/templates\/wp-content\/uploads\/2024\/10\/26.jpg","id":83,"size":"","alt":"","source":"library"},"background_b_position":"center center","background_b_repeat":"no-repeat","background_b_size":"cover","border_radius":{"unit":"px","size":15,"sizes":[]},"flip_effect":"fade","image_width":{"unit":"%","size":5,"sizes":[]},"image_border_radius":{"unit":"px","size":0,"sizes":[]},"vertical_position_b":"bottom","description_typography_b_typography":"custom","description_typography_b_font_size":{"unit":"px","size":21,"sizes":[]},"description_typography_b_font_weight":"500"},"elements":[],"isInner":false,"widgetType":"flip-box","elType":"widget"}],"isInner":true,"elType":"container"}],"isInner":true,"elType":"container","isLocked":true},{"id":"6dca40b8","settings":{"_title":"Tab #1","content_width":"full","flex_direction":"row","flex_gap":{"unit":"px","size":0,"column":"0","row":"0"},"margin":{"unit":"px","top":"35","right":"0","bottom":"0","left":"0","isLinked":false},"padding":{"unit":"px","top":"0","right":"0","bottom":"0","left":"0","isLinked":false}},"elements":[{"id":"627271e1","settings":{"flex_direction":"column","content_width":"full","width":{"unit":"%","size":"50"},"background_background":"classic","background_image":{"url":"","id":"","size":"","alt":"","source":"library"}},"elements":[{"id":"4b6008bd","settings":{"content_width":"full","graphic_element":"image","image":{"url":"","id":"","size":"","alt":"","source":"library"},"selected_icon":{"value":"","library":""},"title_text_a":"","description_text_a":"","background_a_background":"classic","background_a_image":{"url":"http:\/\/localhost\/templates\/wp-content\/uploads\/2024\/10\/8.jpg","id":65,"size":"","alt":"","source":"library"},"background_a_position":"center center","background_a_repeat":"no-repeat","background_a_size":"cover","title_text_b":"","description_text_b":"Banana Juice\n<br>\n$12.65","button_text":"","background_b_background":"classic","background_b_image":{"url":"http:\/\/localhost\/templates\/wp-content\/uploads\/2024\/10\/17.jpg","id":74,"size":"","alt":"","source":"library"},"background_b_position":"center center","background_b_repeat":"no-repeat","background_b_size":"cover","border_radius":{"unit":"px","size":15,"sizes":[]},"flip_effect":"fade","image_width":{"unit":"%","size":5,"sizes":[]},"image_border_radius":{"unit":"px","size":0,"sizes":[]},"vertical_position_b":"bottom","description_typography_b_typography":"custom","description_typography_b_font_size":{"unit":"px","size":21,"sizes":[]},"description_typography_b_font_weight":"500"},"elements":[],"isInner":false,"widgetType":"flip-box","elType":"widget"}],"isInner":true,"elType":"container"},{"id":"23ba6ba0","settings":{"flex_direction":"column","content_width":"full","width":{"unit":"%","size":"50"}},"elements":[{"id":"4e6bd482","settings":{"content_width":"full","graphic_element":"image","image":{"url":"","id":"","size":"","alt":"","source":"library"},"selected_icon":{"value":"","library":""},"title_text_a":"","description_text_a":"","background_a_background":"classic","background_a_image":{"url":"http:\/\/localhost\/templates\/wp-content\/uploads\/2024\/10\/19.jpg","id":76,"size":"","alt":"","source":"library"},"background_a_position":"center center","background_a_repeat":"no-repeat","background_a_size":"cover","title_text_b":"","description_text_b":"Fresh Green Juice<br>\n$14.90","button_text":"","background_b_background":"classic","background_b_image":{"url":"http:\/\/localhost\/templates\/wp-content\/uploads\/2024\/10\/22.jpg","id":79,"size":"","alt":"","source":"library"},"background_b_position":"center center","background_b_repeat":"no-repeat","background_b_size":"cover","border_radius":{"unit":"px","size":15,"sizes":[]},"flip_effect":"fade","image_width":{"unit":"%","size":5,"sizes":[]},"image_border_radius":{"unit":"px","size":0,"sizes":[]},"vertical_position_b":"bottom","description_typography_b_typography":"custom","description_typography_b_font_size":{"unit":"px","size":21,"sizes":[]},"description_typography_b_font_weight":"500"},"elements":[],"isInner":false,"widgetType":"flip-box","elType":"widget"}],"isInner":true,"elType":"container"},{"id":"236b10b3","settings":{"flex_direction":"column","content_width":"full","width":{"unit":"%","size":"50"}},"elements":[{"id":"5887a4eb","settings":{"content_width":"full","graphic_element":"image","image":{"url":"","id":"","size":"","alt":"","source":"library"},"selected_icon":{"value":"","library":""},"title_text_a":"","description_text_a":"","background_a_background":"classic","background_a_image":{"url":"http:\/\/localhost\/templates\/wp-content\/uploads\/2024\/10\/10.jpg","id":67,"size":"","alt":"","source":"library"},"background_a_position":"center center","background_a_repeat":"no-repeat","background_a_size":"cover","title_text_b":"","description_text_b":"Milk And Cream Fruit Boba\n<br>\n$12.00","button_text":"","background_b_background":"classic","background_b_image":{"url":"http:\/\/localhost\/templates\/wp-content\/uploads\/2024\/10\/23.jpg","id":80,"size":"","alt":"","source":"library"},"background_b_position":"center center","background_b_repeat":"no-repeat","background_b_size":"cover","border_radius":{"unit":"px","size":15,"sizes":[]},"flip_effect":"fade","image_width":{"unit":"%","size":5,"sizes":[]},"image_border_radius":{"unit":"px","size":0,"sizes":[]},"vertical_position_b":"bottom","description_typography_b_typography":"custom","description_typography_b_font_size":{"unit":"px","size":21,"sizes":[]},"description_typography_b_font_weight":"500"},"elements":[],"isInner":false,"widgetType":"flip-box","elType":"widget"}],"isInner":true,"elType":"container"}],"isInner":true,"elType":"container","isLocked":true}],"isInner":false,"widgetType":"nested-tabs","elType":"widget"}],"isInner":false,"elType":"container"},{"id":"134fad14","settings":{"flex_direction":"column","background_background":"classic","background_color":"#7EA1FF","padding":{"unit":"px","top":"20","right":"0","bottom":"20","left":"0","isLinked":false}},"elements":[{"id":"1b16264","settings":{"content_width":"full","title":"\u00a9 2024, Nymptix Technologies. All Rights Reserved. | Designed & Developed By : Nymptix Technologies","align":"center","title_color":"#FFFFFF","typography_typography":"custom","typography_font_size":{"unit":"px","size":15,"sizes":[]}},"elements":[],"isInner":false,"widgetType":"heading","elType":"widget"}],"isInner":false,"elType":"container"}],"page_settings":{"hide_title":"yes"},"version":"0.4","title":"Home - Smoothies","type":"page"}