{"content":[{"id":"508d09ea","settings":{"flex_direction":"column","boxed_width":{"unit":"px","size":1600,"sizes":[]},"background_background":"classic","background_image":{"url":"http:\/\/localhost\/templates\/wp-content\/uploads\/2024\/10\/Copy-of-Delicious-Smoothies-1.png","id":99,"size":"","alt":"","source":"library"},"background_position":"center center","background_repeat":"no-repeat","background_size":"cover","shape_divider_bottom":"waves","shape_divider_bottom_color":"#7EA1FF","shape_divider_bottom_width":{"unit":"%","size":103,"sizes":[]},"shape_divider_bottom_height":{"unit":"px","size":89,"sizes":[]},"padding":{"unit":"px","top":"0","right":"0","bottom":"76","left":"0","isLinked":false}},"elements":[{"id":"fc70747","settings":{"content_width":"full","space":{"unit":"px","size":88,"sizes":[]}},"elements":[],"isInner":false,"widgetType":"spacer","elType":"widget"},{"id":"35f7088e","settings":{"content_width":"full","title":"About","align":"left","title_color":"#FFFFFF","typography_typography":"custom","typography_font_family":"Times New Roman","typography_font_size":{"unit":"px","size":91,"sizes":[]},"typography_text_decoration":"underline","_margin":{"unit":"px","top":"0","right":"0","bottom":"0","left":"116","isLinked":false}},"elements":[],"isInner":false,"widgetType":"heading","elType":"widget"},{"id":"1941a031","settings":{"content_width":"full","space":{"unit":"px","size":107,"sizes":[]}},"elements":[],"isInner":false,"widgetType":"spacer","elType":"widget"}],"isInner":false,"elType":"container"},{"id":"44250c01","settings":{"flex_direction":"column","boxed_width":{"unit":"px","size":1600,"sizes":[]},"background_background":"classic","background_color":"#7EA1FF","margin":{"unit":"px","top":"0","right":"0","bottom":"0","left":"0","isLinked":false},"padding":{"unit":"px","top":"0","right":"0","bottom":"58","left":"0","isLinked":false}},"elements":[{"id":"8d669dd","settings":{"content_width":"full","title":"Light & Refreshing Drinks","align":"center","title_color":"#FFFFFF","typography_typography":"custom","typography_font_family":"Times New Roman","typography_font_size":{"unit":"px","size":42,"sizes":[]},"_margin":{"unit":"px","top":"100","right":"0","bottom":"0","left":"0","isLinked":false}},"elements":[],"isInner":false,"widgetType":"heading","elType":"widget"},{"id":"7f6c0093","settings":{"content_width":"full","editor":"<p>Aldus Corporation, which later merged with Adobe Systems, ushered lorem information <br \/>age with its desktop publishing software Aldus PageMaker.<\/p>","align":"center","text_color":"#FFFFFF","typography_typography":"custom","typography_font_size":{"unit":"px","size":18,"sizes":[]}},"elements":[],"isInner":false,"widgetType":"text-editor","elType":"widget"},{"id":"28afb687","settings":{"content_width":"full","image":{"url":"http:\/\/localhost\/templates\/wp-content\/uploads\/2024\/10\/27.jpg","id":102,"size":"","alt":"","source":"library"},"width":{"unit":"%","size":68,"sizes":[]},"image_border_radius":{"unit":"px","top":"15","right":"15","bottom":"15","left":"15","isLinked":true},"_margin":{"unit":"px","top":"32","right":"0","bottom":"0","left":"0","isLinked":false}},"elements":[],"isInner":false,"widgetType":"image","elType":"widget"}],"isInner":false,"elType":"container"},{"id":"192e27dd","settings":{"flex_direction":"row","flex_gap":{"unit":"px","size":0,"column":"0","row":"0"},"boxed_width":{"unit":"px","size":1600,"sizes":[]},"background_background":"classic","background_color":"#EB3678","shape_divider_top":"waves","shape_divider_top_color":"#7EA1FF","shape_divider_top_height":{"unit":"px","size":89,"sizes":[]},"padding":{"unit":"px","top":"91","right":"0","bottom":"30","left":"0","isLinked":false}},"elements":[{"id":"3957e037","settings":{"flex_direction":"column","content_width":"full","width":{"unit":"%","size":"50"}},"elements":[{"id":"123a5175","settings":{"content_width":"full","image":{"url":"http:\/\/localhost\/templates\/wp-content\/uploads\/2024\/10\/28-1.png","id":104,"size":"","alt":"","source":"library"},"css_filters_css_filter":"custom","css_filters_brightness":{"unit":"px","size":105,"sizes":[]},"css_filters_contrast":{"unit":"px","size":120,"sizes":[]},"css_filters_saturate":{"unit":"px","size":106,"sizes":[]}},"elements":[],"isInner":false,"widgetType":"image","elType":"widget"}],"isInner":true,"elType":"container"},{"id":"262c2bf8","settings":{"flex_direction":"column","content_width":"full","width":{"unit":"%","size":"50"},"flex_justify_content":"center","padding":{"unit":"px","top":"57","right":"57","bottom":"57","left":"57","isLinked":true}},"elements":[{"id":"2fd6a668","settings":{"content_width":"full","title":"\nSay Hi For Nutritious Drink","align":"left","title_color":"#FFFFFF","typography_typography":"custom","typography_font_family":"Times New Roman","typography_font_size":{"unit":"px","size":36,"sizes":[]}},"elements":[],"isInner":false,"widgetType":"heading","elType":"widget"},{"id":"40610c55","settings":{"content_width":"full","editor":"<p>Curabitur a porta ligula, eget interdum ipsum. Mauris blandit urna in magna rhoncus volutpat. Proin consequat rhoncus dui, ut tincidunt nulla.<\/p>","align":"left","text_color":"#FFFFFF","typography_typography":"custom","typography_font_size":{"unit":"px","size":19,"sizes":[]}},"elements":[],"isInner":false,"widgetType":"text-editor","elType":"widget"},{"id":"6070bf8a","settings":{"content_width":"full","form_name":"New Form","form_fields":[{"custom_id":"name","placeholder":"Name","dynamic":{"active":true},"_id":"644522a"},{"custom_id":"email","field_type":"email","required":"true","placeholder":"Email","width":"50","_id":"b325305"},{"custom_id":"field_0e9b1df","field_type":"tel","required":"true","placeholder":"Phone","width":"50","_id":"0e9b1df"},{"custom_id":"message","field_type":"textarea","placeholder":"Message","_id":"40ab592"}],"button_width":"40","step_next_label":"Next","step_previous_label":"Previous","button_text":"Send","email_content":"[all-fields]","email_content_2":"[all-fields]","success_message":"Your submission was successful.","error_message":"Your submission failed because of an error.","server_message":"Your submission failed because of a server error.","invalid_message":"Your submission failed because the form is invalid.","required_field_message":"This field is required.","button_typography_typography":"custom","button_typography_font_size":{"unit":"px","size":23,"sizes":[]},"button_background_color":"#BE2F63BA","button_background_hover_color":"#B82D5FE0","button_border_radius":{"unit":"px","top":"11","right":"11","bottom":"11","left":"11","isLinked":true},"button_text_padding":{"unit":"px","top":"9","right":"9","bottom":"9","left":"9","isLinked":true}},"elements":[],"isInner":false,"widgetType":"form","elType":"widget"}],"isInner":true,"elType":"container"}],"isInner":false,"elType":"container"},{"id":"4b059e34","settings":{"flex_direction":"column","background_background":"classic","background_color":"#7EA1FF","padding":{"unit":"px","top":"20","right":"0","bottom":"20","left":"0","isLinked":false}},"elements":[{"id":"7abe3f39","settings":{"content_width":"full","title":"\u00a9 2024, Nymptix Technologies. All Rights Reserved. | Designed & Developed By : Nymptix Technologies","align":"center","title_color":"#FFFFFF","typography_typography":"custom","typography_font_size":{"unit":"px","size":15,"sizes":[]}},"elements":[],"isInner":false,"widgetType":"heading","elType":"widget"}],"isInner":false,"elType":"container"}],"page_settings":[],"version":"0.4","title":"About - Smoothies","type":"page"}